,Ref.,Nome,Co,Fe,Ni,Si,Al,Cr,Mo,Nb,Ti,C,V,Zr,Mn,Cu,B,Y,Sn,Li,Mg,Zn,Sc,Hf,Ta,W,atomic radius difference(δ) [%],Electro negativity difference (Δχ),Valence electron concentration (VEC),Ω parameter,Entalpia de mix (dHmix) [kJ/mol],Entropia de mix (dSmix) [J/K.mol],Melting temperature (Tm) [K],...,Type of phases,Obs*,Synthesis,As cast/Homogenized,Homog. Temperature [°C],Homog. tempo [h],Cold/Hot Working,Metal working obs.,Heat treatment,temperatura de pico [°C],tempo de pico [h],taxa de resfriamento [°C/min],meio de resfriamento,grain size [μm],obs*,density (g/cm3),density ROM (g/cm3),HV,obs dureza,Type of tests,testing temperature [°C],YS (MPa),UTS (MPa),e (%),E (GPa),...,Obs,Magnetização de saturação (Ms) [emu/g],Coercividade (Hc) [Oe],Permeabilidade (μ) [],Electrical resistivity [μΩ cm],...,Obs,eletrólito,Contraeletrodo,Referência,Ecorr [V],Icorr [A/cm²],Epit [V],...,Obs
,4,CoFeNi,33.33333333,33.33333333,33.33333333,,,,,,,,,,,,,,,,,,,,,,0.75,0.0033,9,12.12,,,,,FCC,,Arc melting,As cast,,,,,,,,,,,,8.5,,125,,C,RT,204,-,-,207,,"YS, HV obtido por gráfico",150,1.8,,16.7,,,,,,,,,,
,4,CoFeNi,33.33333333,33.33333333,33.33333333,,,,,,,,,,,,,,,,,,,,,,0.75,0.0033,9,12.12,,,,,FCC,,Arc melting,As cast,,,,,,,,,,,,8.5,,125,,C,RT,209,-,-,207,,"YS, HV obtido por gráfico",150,1.8,,16.7,,,,,,,,,,
,4,CoFeNiSi0.25,30.76923077,30.76923077,30.76923077,7.692307692,,,,,,,,,,,,,,,,,,,,,1.98,0.03229,8.62,1.59,,,,,FCC,,Arc melting,As cast,,,,,,,,,,,,7.7,,149,,C,RT,196,-,-,194,,"YS, HV obtido por gráfico",124.8,4.7,,53.5,,,,,,,,,,
,4,CoFeNiSi0.5,28.57142857,28.57142857,28.57142857,14.28571429,,,,,,,,,,,,,,,,,,,,,2.537,0.03194,9.29,1.03,,,,,FCC + Im,,Arc melting,As cast,,,,,,,,,,,,7.1,,287,,C,RT,476,-,-,,,"YS, HV obtido por gráfico",91.2,5.3,,84.2,,,,,,,,,,
,4,CoFeNiSi0.75,26.66666667,26.66666667,26.66666667,20,,,,,,,,,,,,,,,,,,,,,3.221,0.03138,8,0.81,,,,,FCC + Im,,Arc melting,As cast,,,,,,,,,,,,6.6,,570,,C,RT,1301,-,-,,,"YS, HV obtido por gráfico",79.8,55.9,,83.5,,,,,,,,,,
,4,Al0.25CoFeNi,30.76923077,30.76923077,30.76923077,,7.692307692,,,,,,,,,,,,,,,,,,,,3.706,0.0677,8.54,3.01,,,,,FCC,,Arc melting,As cast,,,,,,,,,,,,7.9,,138,,C,RT,158,-,-,196,,"YS, HV obtido por gráfico",129,2.7,,46.7,,,,,,,,,,
,4,Al0.5CoFeNi,28.57142857,28.57142857,28.57142857,,14.28571429,,,,,,,,,,,,,,,,,,,,4.782,0.097,8.14,1.96,,,,,FCC + BCC,,Arc melting,As cast,,,,,,,,,,,,7.4,,212,,C,RT,346,-,-,187,,"YS, HV obtido por gráfico",106.2,4.3,,77.9,,,,,,,,,,
,4,Al0.75CoFeNi,26.66666667,26.66666667,26.66666667,,20,,,,,,,,,,,,,,,,,,,,5.599,0.1093,7.8,1.54,,,,,FCC + BCC,,Arc melting,As cast,,,,,,,,,,,,7.0,,385,,C,RT,794,-,-,179,,"YS, HV obtido por gráfico",112.8,4.1,,67.9,,,,,,,,,,
,4,AlCoFeNi,25,25,25,,25,,,,,,,,,,,,,,,,,,,,5.808,0.11755,7.5,1.31,,,,,BCC,,Arc melting,As cast,,,,,,,,,,,,6.6,,456,,C,RT,964,-,-,173,,"YS, HV obtido por gráfico",101.4,3.1,,65.3,,,,,,,,,,
,5,CoFeNi,33.33333333,33.33333333,33.33333333,,,,,,,,,,,,,,,,,,,,,,,,,,,,,,FCC,,Arc melting,Homogenized,1200,24,Cold Rolling,"Rolling, reduction 92%",Annealing,900,1,,,28,,8.5,,,,T,RT,211,513,31,207,,"Tensile testing in 77K, 203K, 293K(RT), 473K, 673K",,,,,,,,,,,,,,
,5,CoCrNi,33.33333333,,33.33333333,,,33.33333333,,,,,,,,,,,,,,,,,,,,,,,,,,,FCC,,Arc melting,Homogenized,1200,24,Cold Rolling,"Rolling, reduction 92%",Annealing,1000,1,,,41,,8.3,,,,T,RT,300,860,60,229,,"Tensile testing in 77K, 203K, 293K(RT), 473K, 673K",,,,,,,,,,,,,,
,5,CoMnNi,33.33333333,,33.33333333,,,,,,,,,,33.33333333,,,,,,,,,,,,,,,,,,,,FCC,,Arc melting,Homogenized,1100,24,Cold Rolling,"Rolling, reduction 90%",Annealing,900,1,,,32,,8.4,,,,T,RT,231,653,38,202,,"Tensile testing in 77K, 203K, 293K(RT), 473K, 673K",,,,,,,,,,,,,,
,5,FeMnNi,,33.33333333,33.33333333,,,,,,,,,,33.33333333,,,,,,,,,,,,,,,,,,,,FCC,,Arc melting,Homogenized,1100,24,Cold Rolling,"Rolling, reduction 90%",Annealing,900,1,,,30,,8.1,,,,T,RT,221,602,36,203,,"Tensile testing in 77K, 203K, 293K(RT), 473K, 673K",,,,,,,,,,,,,,
,5,CoCrFeNi,25,25,25,,,25,,,,,,,,,,,,,,,,,,,,,,,,,,,FCC,,Arc melting,Homogenized,1200,24,Cold Rolling,"Rolling, reduction 92%",Annealing,900,1,,,24,,8.2,,,,T,RT,274,708,39,225,,"Tensile testing in 77K, 203K, 293K(RT), 473K, 673K",,,,,,,,,,,,,,
,5,CoCrMnNi,25,,25,,,25,,,,,,,25,,,,,,,,,,,,,,,,,,,,FCC,,Arc melting,Homogenized,1100,24,Cold Rolling,"Rolling, reduction 90%",Annealing,1000,1,,,36,,8.1,,,,T,RT,282,694,44,222,,"Tensile testing in 77K, 203K, 293K(RT), 473K, 673K",,,,,,,,,,,,,,
,5,CoFeMnNi,25,25,25,,,,,,,,,,25,,,,,,,,,,,,,,,,,,,,FCC,,Arc melting,Homogenized,1100,24,Cold Rolling,"Rolling, reduction 90%",Annealing,1000,1,,,48,,8.2,,,,T,RT,170,550,41,205,,"Tensile testing in 77K, 203K, 293K(RT), 473K, 673K",,,,,,,,,,,,,,
,6,CoCrFeNi,25,25,25,,,25,,,,,,,,,,,,,,,,,,,0.3,0.097,8.25,,-3.7,,,,FCC,,Arc melting,As cast,,,,,,,,,,,,8.2,,,,T,RT,147,413,48,225,,,,,,,,,,,,,,,,
,6,CoCrFeNb0.103Ni,24.37241043,24.37241043,24.37241043,,,24.37241043,,2.510358274,,,,,,,,,,,,,,,,,2.3,0.101,8.17,,-5.5,,,,FCC + Im,Im: Laves. fL = 3.7%,Arc melting,As cast,,,,,,,,,,,,8.2,,,,T,RT,317,622,19.2,,,,,,,,,,,,,,,,,
,6,CoCrFeNb0.155Ni,24.06738869,24.06738869,24.06738869,,,24.06738869,,3.730445247,,,,,,,,,,,,,,,,,2.8,0.104,8.13,,-6.3,,,,FCC + Im,Im: Laves = 9.3%,Arc melting,As cast,,,,,,,,,,,,8.2,,,,T,RT,321,744,23.3,,,,,,,,,,,,,,,,,
,6,CoCrFeNb0.206Ni,23.77555873,23.77555873,23.77555873,,,23.77555873,,4.897765097,,,,,,,,,,,,,,,,,3.1,0.105,8.09,,-7,,,,FCC + Im,Im: Laves = 15.6%,Arc melting,As cast,,,,,,,,,,,,8.2,,,,T,RT,402,807,8.6,,,,,,,,,,,,,,,,,
,6,CoCrFeNb0.309Ni,23.20724066,23.20724066,23.20724066,,,23.20724066,,7.171037364,,,,,,,,,,,,,,,,,3.7,0.11,8.02,,-8.4,,,,FCC + Im,Im: Laves = 24.7%,Arc melting,As cast,,,,,,,,,,,,8.2,,,,T,RT,478,879,3.5,,,,,,,,,,,,,,,,,
,6,CoCrFeNb0.412Ni,22.66545784,22.66545784,22.66545784,,,22.66545784,,9.338168631,,,,,,,,,,,,,,,,,4.2,0.112,7.95,,-9.7,,,,FCC + Im,Im: Laves = 31.9%,Arc melting,As cast,,,,,,,,,,,,8.2,,,,T,RT,637,1004,1.3,,,,,,,,,,,,,,,,,
,7,CoCrFeNi,25,25,25,,,25,,,,,,,,,,,,,,,,,,,,,,,,,,,FCC,C-0,Arc melting,As cast,,,,,,,,,,,,8.2,,116,Load of 5kg,,,,,,225,,density and E data is not in the article,,,,,,,,,,,,,,
,7,CoCrFeNi,25,25,25,,,25,,,,,,,,,,,,,,,,,,,,,,,,,,,FCC,H-0,Arc melting,Homogenized,1100,24,,,,,,,,,,8.2,,113,Load of 5kg,,,,,,225,,density and E data is not in the article,,,,,,,,,,,,,,
,7,CoCrFeNi,25,25,25,,,25,,,,,,,,,,,,,,,,,,,,,,,,,,,FCC,D-0,Arc melting,Homogenized,1100,24,Cold Rolling,"Rolling, reduction 50%",,,,,,,,8.2,,326,Load of 5kg,,,,,,225,,density and E data is not in the article,,,,,,,,,,,,,,
,7,Al0.25CoCrFeNi,23.52941176,23.52941176,23.52941176,,5.882352941,23.52941176,,,,,,,,,,,,,,,,,,,,,,,,,,,FCC,C-0.25,Arc melting,As cast,,,,,,,,,,,,7.7,,110,Load of 5kg,,,,,,216,,density and E data is not in the article,,,,,,,,,,,,,,
,7,Al0.25CoCrFeNi,23.52941176,23.52941176,23.52941176,,5.882352941,23.52941176,,,,,,,,,,,,,,,,,,,,,,,,,,,FCC,H-0.25,Arc melting,Homogenized,1100,24,,,,,,,,,,7.7,,113,Load of 5kg,,,,,,216,,density and E data is not in the article,,,,,,,,,,,,,,
,7,Al0.25CoCrFeNi,23.52941176,23.52941176,23.52941176,,5.882352941,23.52941176,,,,,,,,,,,,,,,,,,,,,,,,,,,FCC,D-0.25,Arc melting,Homogenized,1100,24,Cold Rolling,"Rolling, reduction 50%",,,,,,,,7.7,,346,Load of 5kg,,,,,,216,,density and E data is not in the article,,,,,,,,,,,,,,
,7,Al0.375CoCrFeNi,22.85714286,22.85714286,22.85714286,,8.571428571,22.85714286,,,,,,,,,,,,,,,,,,,,,,,,,,,FCC,C-0.375,Arc melting,As cast,,,,,,,,,,,,7.5,,131,Load of 5kg,,,,,,211,,density and E data is not in the article,,,,,,,,,,,,,,
,7,Al0.375CoCrFeNi,22.85714286,22.85714286,22.85714286,,8.571428571,22.85714286,,,,,,,,,,,,,,,,,,,,,,,,,,,FCC + BCC,H-0.375,Arc melting,Homogenized,1100,24,,,,,,,,,,7.5,,196,Load of 5kg,,,,,,211,,density and E data is not in the article,,,,,,,,,,,,,,
,7,Al0.375CoCrFeNi,22.85714286,22.85714286,22.85714286,,8.571428571,22.85714286,,,,,,,,,,,,,,,,,,,,,,,,,,,FCC + BCC,D-0.375,Arc melting,Homogenized,1100,24,Cold Rolling,"Rolling, reduction 50%",,,,,,,,7.5,,361,Load of 5kg,,,,,,211,,density and E data is not in the article,,,,,,,,,,,,,,
,7,Al0.5CoCrFeNi,22.22222222,22.22222222,22.22222222,,11.11111111,22.22222222,,,,,,,,,,,,,,,,,,,,,,,,,,,FCC + BCC,C-0.5,Arc melting,As cast,,,,,,,,,,,,7.3,,159,Load of 5kg,,,,,,208,,density and E data is not in the article,,,,,,,,,,,,,,
,7,Al0.5CoCrFeNi,22.22222222,22.22222222,22.22222222,,11.11111111,22.22222222,,,,,,,,,,,,,,,,,,,,,,,,,,,FCC + BCC,H-0.5,Arc melting,Homogenized,1100,24,,,,,,,,,,7.3,,209,Load of 5kg,,,,,,208,,density and E data is not in the article,,,,,,,,,,,,,,
,7,Al0.5CoCrFeNi,22.22222222,22.22222222,22.22222222,,11.11111111,22.22222222,,,,,,,,,,,,,,,,,,,,,,,,,,,FCC + BCC,D-0.5,Arc melting,Homogenized,1100,24,Cold Rolling,"Rolling, reduction 50%",,,,,,,,7.3,,368,Load of 5kg,,,,,,208,,density and E data is not in the article,,,,,,,,,,,,,,
,7,Al0.75CoCrFeNi,21.05263158,21.05263158,21.05263158,,15.78947368,21.05263158,,,,,,,,,,,,,,,,,,,,,,,,,,,FCC + BCC,C-0.75,Arc melting,As cast,,,,,,,,,,,,7.0,,388,Load of 5kg,,,,,,200,,density and E data is not in the article,,,,,,,,,,,,,,
,7,Al0.75CoCrFeNi,21.05263158,21.05263158,21.05263158,,15.78947368,21.05263158,,,,,,,,,,,,,,,,,,,,,,,,,,,FCC + BCC,H-0.75,Arc melting,Homogenized,1100,24,,,,,,,,,,7.0,,280,Load of 5kg,,,,,,200,,density and E data is not in the article,,,,,,,,,,,,,,
,7,Al0.75CoCrFeNi,21.05263158,21.05263158,21.05263158,,15.78947368,21.05263158,,,,,,,,,,,,,,,,,,,,,,,,,,,FCC + BCC,D-0.75,Arc melting,Homogenized,1100,24,Cold Rolling,"Rolling, reduction 50%",,,,,,,,7.0,,435,Load of 5kg,,,,,,200,,density and E data is not in the article,,,,,,,,,,,,,,
,7,Al0.875CoCrFeNi,20.51282051,20.51282051,20.51282051,,17.94871795,20.51282051,,,,,,,,,,,,,,,,,,,,,,,,,,,BCC,C-0.875,Arc melting,As cast,,,,,,,,,,,,6.9,,538,Load of 5kg,,,,,,197,,density and E data is not in the article,,,,,,,,,,,,,,
,7,Al0.875CoCrFeNi,20.51282051,20.51282051,20.51282051,,17.94871795,20.51282051,,,,,,,,,,,,,,,,,,,,,,,,,,,FCC + BCC,H-0.875,Arc melting,Homogenized,1100,24,,,,,,,,,,6.9,,361,Load of 5kg,,,,,,197,,density and E data is not in the article,,,,,,,,,,,,,,
,7,Al0.875CoCrFeNi,20.51282051,20.51282051,20.51282051,,17.94871795,20.51282051,,,,,,,,,,,,,,,,,,,,,,,,,,,FCC + BCC,D-0.875,Arc melting,Homogenized,1100,24,Cold Rolling,"Rolling, reduction 50%",,,,,,,,6.9,,498,Load of 5kg,,,,,,197,,density and E data is not in the article,,,,,,,,,,,,,,
,7,AlCoCrFeNi,20,20,20,,20,20,,,,,,,,,,,,,,,,,,,,,,,,,,,BCC,C-1.00,Arc melting,As cast,,,,,,,,,,,,6.7,,484,Load of 5kg,,,,,,194,,density and E data is not in the article,,,,,,,,,,,,,,
,7,AlCoCrFeNi,20,20,20,,20,20,,,,,,,,,,,,,,,,,,,,,,,,,,,FCC + BCC,H-1.00,Arc melting,Homogenized,1100,24,,,,,,,,,,6.7,,433,Load of 5kg,,,,,,194,,density and E data is not in the article,,,,,,,,,,,,,,
,7,Al1.25CoCrFeNi,19.04761905,19.04761905,19.04761905,,23.80952381,19.04761905,,,,,,,,,,,,,,,,,,,,,,,,,,,BCC,C-1.25,Arc melting,As cast,,,,,,,,,,,,6.5,,487,Load of 5kg,,,,,,188,,density and E data is not in the article,,,,,,,,,,,,,,
,7,Al1.25CoCrFeNi,19.04761905,19.04761905,19.04761905,,23.80952381,19.04761905,,,,,,,,,,,,,,,,,,,,,,,,,,,BCC,H-1.25,Arc melting,Homogenized,1100,24,,,,,,,,,,6.5,,499,Load of 5kg,,,,,,188,,density and E data is not in the article,,,,,,,,,,,,,,
,7,Al1.5CoCrFeNi,18.18181818,18.18181818,18.18181818,,27.27272727,18.18181818,,,,,,,,,,,,,,,,,,,,,,,,,,,BCC,C-1.50,Arc melting,As cast,,,,,,,,,,,,6.2,,484,Load of 5kg,,,,,,183,,density and E data is not in the article,,,,,,,,,,,,,,
,7,Al1.5CoCrFeNi,18.18181818,18.18181818,18.18181818,,27.27272727,18.18181818,,,,,,,,,,,,,,,,,,,,,,,,,,,BCC,H-1.50,Arc melting,Homogenized,1100,24,,,,,,,,,,6.2,,517,Load of 5kg,,,,,,183,,density and E data is not in the article,,,,,,,,,,,,,,
,7,Al2CoCrFeNi,16.66666667,16.66666667,16.66666667,,33.33333333,16.66666667,,,,,,,,,,,,,,,,,,,,,,,,,,,BCC,C-2.00,Arc melting,As cast,,,,,,,,,,,,5.9,,509,Load of 5kg,,,,,,173,,density and E data is not in the article,,,,,,,,,,,,,,
,7,Al2CoCrFeNi,16.66666667,16.66666667,16.66666667,,33.33333333,16.66666667,,,,,,,,,,,,,,,,,,,,,,,,,,,BCC,H-2.00,Arc melting,Homogenized,1100,24,,,,,,,,,,5.9,,512,Load of 5kg,,,,,,173,,density and E data is not in the article,,,,,,,,,,,,,,
,8,CoCrFeMo0.5Ni,22.22222222,22.22222222,22.22222222,,,22.22222222,11.11111111,,,,,,,,,,,,,,,,,,,,,,,,,,FCC + Im,,Arc melting,As cast,,,,,,,,,,,,8.5,,219,,,,,,,,,,,,,,,,,,,,,,,
,8,Al0.5CoCrFeMo0.5Ni,20,20,20,,10,20,10,,,,,,,,,,,,,,,,,,,,,,,,,,FCC + Im,,Arc melting,As cast,,,,,,,,,,,,7.7,,450,,,,,,,,,,,,,,,,,,,,,,,
,8,AlCoCrFeMo0.5Ni,18.18181818,18.18181818,18.18181818,,18.18181818,18.18181818,9.090909091,,,,,,,,,,,,,,,,,,,,,,,,,,BCC + Im,,Arc melting,As cast,,,,,,,,,,,,7.1,,735,,,,,,,,,,,,,,,,,,,,,,,
,8,Al1.5CoCrFeMo0.5Ni,16.66666667,16.66666667,16.66666667,,25,16.66666667,8.333333333,,,,,,,,,,,,,,,,,,,,,,,,,,BCC + Im,,Arc melting,As cast,,,,,,,,,,,,6.6,,667,,,,,,,,,,,,,,,,,,,,,,,
,8,Al2CoCrFeMo0.5Ni,15.38461538,15.38461538,15.38461538,,30.76923077,15.38461538,7.692307692,,,,,,,,,,,,,,,,,,,,,,,,,,BCC,,Arc melting,As cast,,,,,,,,,,,,6.3,,621,,,,,,,185,,,,,,,,,,,,,,,,
,8,CoCrCuFeNi,20,20,20,,,20,,,,,,,,20,,,,,,,,,,,,,,,,,,,FCC,phase get from Fig3b,Arc melting,As cast,,,,,,,,,,,,,,134,"Fig3, (b)",,,,,,,,,,,,,,,,,,,,,,
,8,Al0.5CoCrCuFeNi,18.18181818,18.18181818,18.18181818,,9.09090909,18.18181818,,,,,,,,18.18181818,,,,,,,,,,,,,,,,,,,FCC,phase get from Fig3b,Arc melting,As cast,,,,,,,,,,,,,,207,"Fig3, (b)",,,,,,,,,,,,,,,,,,,,,,
,8,AlCoCrCuFeNi,16.66666667,16.66666667,16.66666667,,16.66666667,16.66666667,,,,,,,,16.66666667,,,,,,,,,,,,,,,,,,,FCC + BCC,phase get from Fig3b,Arc melting,As cast,,,,,,,,,,,,,,409,"Fig3, (b)",,,,,,,,,,,,,,,,,,,,,,
,8,Al1.5CoCrCuFeNi,15.38461538,15.38461538,15.38461538,,23.07692308,15.38461538,,,,,,,,15.38461538,,,,,,,,,,,,,,,,,,,FCC + BCC,phase get from Fig3b,Arc melting,As cast,,,,,,,,,,,,,,512,"Fig3, (b)",,,,,,,,,,,,,,,,,,,,,,
,8,Al2CoCrCuFeNi,14,14,14,,28.571428,14,,,,,,,,14,,,,,,,,,,,,,,,,,,,FCC + BCC,phase get from Fig3b,Arc melting,As cast,,,,,,,,,,,,,,569,"Fig3, (b)",,,,,,,,,,,,,,,,,,,,,,
,9,CoCrFeNiTi,20,20,20,,,20,,,20,,,,,,,,,,,,,,,,,,,,,,,,FCC,,Arc melting,As cast,,,,,,,,,,,,7.2,,133,,C,RT,,2020,9,135,,,,,,,,,,,,,,,,
,9,Al0.5CoCrFeNiTi,18.18181818,18.18181818,18.18181818,,9.090909091,18.18181818,,,18.18181818,,,,,,,,,,,,,,,,,,,,,,,,BCC + Im,,Arc melting,As cast,,,,,,,,,,,,6.6,,,,C,RT,,1600,10,107,,,,,,,,,,,,,,,,
,9,AlCoCrFeNiTi,16.66666667,16.66666667,16.66666667,,16.66666667,16.66666667,,,16.66666667,,,,,,,,,,,,,,,,,,,,,,,,BCC + Im,,Arc melting,As cast,,,,,,,,,,,,6.2,,,,C,RT,,2280,6,148,,,,,,,,,,,,,,,,
,9,Al1.5CoCrFeNiTi,15.38461538,15.38461538,15.38461538,,23.07692308,15.38461538,,,15.38461538,,,,,,,,,,,,,,,,,,,,,,,,BCC,,Arc melting,As cast,,,,,,,,,,,,5.9,,,,C,RT,,2110,10,133,,,,,,,,,,,,,,,,
,9,Al2CoCrFeNiTi,14.28571429,14.28571429,14.28571429,,28.57142857,14.28571429,,,14.28571429,,,,,,,,,,,,,,,,,,,,,,,,BCC,,Arc melting,As cast,,,,,,,,,,,,5.6,,643,,C,RT,,1030,5,94,,,,,,,,,,,,,,,,
,10,Co1.5CrFeNi1.5Ti0.5,27.27272727,18.18181818,27.27272727,,,18.18181818,,,9.090909091,,,,,,,,,,,,,,,,,,,,,,,,FCC,,Arc melting,Homogenized,1100,4,,,Aging,800,10,,Air,,,7.8,,509,,,,,,,211,,,,,,,,,,,,,,,,
,10,Co1.5CrFeNi1.5Ti,25,16.66666667,25,,,16.66666667,,,16.66666667,,,,,,,,,,,,,,,,,,,,,,,,FCC + Im,,Arc melting,Homogenized,1100,4,,,Aging,800,10,,Air,,,7.4,,654,,,,,,,,,,,,,,,,,,,,,,,
,10,Al0.2Co1.5CrFeNi1.5Ti0.5,26.31578947,17.54385965,26.31578947,,3.50877193,17.54385965,,,8.771929825,,,,,,,,,,,,,,,,,,,,,,,,FCC,,Arc melting,Homogenized,1100,4,,,Aging,800,10,,Air,,,7.6,,487,,,,,,,206,,,,,,,,,,,,,,,,
,10,Al0.2Co1.5CrFeNi1.5Ti,24.19354839,16.12903226,24.19354839,,3.225806452,16.12903226,,,16.12903226,,,,,,,,,,,,,,,,,,,,,,,,FCC + Im,,Arc melting,Homogenized,1100,4,,,Aging,800,10,,Air,,,7.2,,717,,,,,,,,,,,,,,,,,,,,,,,
,11,Al0.7Co0.3CrFeNi,7.5,25,25,,17.5,25,,,,,,,,,,,,,,,,,,,,,,,,,,,FCC + BCC + B2,,Mechanical alloying + Spark Plasma Sintering,As cast,,,,,,,,,,,,6.8,,624,,C,RT,2033,2635,8.12,,,,,,,,,,,,,,,,,
,12,Al0.875CoCrFeNi,20.51282051,20.51282051,20.51282051,,17.94871795,20.51282051,,,,,,,,,,,,,,,,,,,,,,,,,,,FCC + BCC,,,,,,,,,,,,,,,6.9,,,,,,,,,197,,,,,,,,,,,,,,,,
,13,AlCoCrFeNi,20,20,20,,20,20,,,,,,,,,,,,,,,,,,,,,,,,,,,BCC,,Arc melting,As cast,,,,,,,,,,,,6.7,,395,,,,,,,194,,,,,,,,,,,,,,,,
,13,Al1.5CoCrFeNi,18.18181818,18.18181818,18.18181818,,27.27272727,18.18181818,,,,,,,,,,,,,,,,,,,,,,,,,,,BCC,,Arc melting,As cast,,,,,,,,,,,,6.2,,402,,,,,,,183,,,,,,,,,,,,,,,,
,13,Al2CoCrFeNi,16.66666667,16.66666667,16.66666667,,33.33333333,16.66666667,,,,,,,,,,,,,,,,,,,,,,,,,,,BCC,,Arc melting,As cast,,,,,,,,,,,,5.9,,432,,,,,,,173,,,,,,,,,,,,,,,,
,13,Al2.5CoCrFeNi,15.38461538,15.38461538,15.38461538,,38.46153846,15.38461538,,,,,,,,,,,,,,,,,,,,,,,,,,,BCC,,Arc melting,As cast,,,,,,,,,,,,5.6,,487,,,,,,,165,,,,,,,,,,,,,,,,
,13,Al3CoCrFeNi,14.28571429,14.28571429,14.28571429,,42.85714286,14.28571429,,,,,,,,,,,,,,,,,,,,,,,,,,,BCC,,Arc melting,As cast,,,,,,,,,,,,5.3,,506,,,,,,,158,,,,,,,,,,,,,,,,
,13,CoCrCuFeNi,20,20,20,,,20,,,,,,,,20,,,,,,,,,,,,,,,,,,,FCC,,Arc melting,As cast,,,,,,,,,,,,8.3,,286,,,,,,,206,,,,,,,,,,,,,,,,
,13,CrCuFeMnNi,,20,20,,,20,,,,,,,20,20,,,,,,,,,,,,,,,,,,,FCC + BCC,,Arc melting,As cast,,,,,,,,,,,,8.1,,296,,,,,,,204,,,,,,,,,,,,,,,,
,13,CrCuFeMoNi,,20,20,,,20,20,,,,,,,20,,,,,,,,,,,,,,,,,,,FCC,,Arc melting,As cast,,,,,,,,,,,,8.7,,263,,,,,,,230,,,,,,,,,,,,,,,,
,13,AlCrCuFeNi,,20,20,,20,20,,,,,,,,20,,,,,,,,,,,,,,,,,,,FCC + BCC,,Arc melting,As cast,,,,,,,,,,,,6.8,,342,,,,,,,178,,,,,,,,,,,,,,,,
,13,CrCuFeZrNi,,20,20,,,20,,,,,,20,,20,,,,,,,,,,,,,,,,,,,BCC + Im,Im: second phase precipitation,Arc melting,As cast,,,,,,,,,,,,,,566,,,,,,,,,,,,,,,,,,,,,,,
,14,AlCoCrFeNi,20,20,20,,20,20,,,,,,,,,,,,,,,,,,,,,,,,,,,BCC,,Arc melting,As cast,,,,,,,,,,,,6.7,,,,C,RT,1251,2004,33,194,,,,,,,,,,,,,,,,
,14*,CrFeCoNiCuTi,16.66666,16.66666,16.66666,,,16.66666,,,16.66666,,,,,16.66666,,,,,,,,,,,,,,,,,,,,"Ref[14,15]",,,,,,,,,,,,,,,,,,C,RT,1272,1272,1.6,,,,,,,,,,,,,,,,,
,14*,AlCrMnFeCoNiCuTiV,11.1111111,11.1111111,11.1111111,,11.1111111,11.1111111,,,11.1111111,,11.1111111,,11.1111111,11.1111111,,,,,,,,,,,,,,,,,,,,"Ref[14,15]",,,,,,,,,,,,,,,,,,C,RT,1862,2431,0.95,,,,,,,,,,,,,,,,,
,14*,CrFeCoNiCuTi0.5,18.181818,18.181818,18.181818,,,18.181818,,,9.090909,,,,,18.181818,,,,,,,,,,,,,,,,,,,,"Ref[14,15]",,,,,,,,,,,,,,,,,,C,RT,700,1650,21.26,,,,,,,,,,,,,,,,,
,15,AlCoCrFeNi,20,20,20,,20,20,,,,,,,,,,,,,,,,,,,,,,,,,,,BCC,,Arc melting,As cast,,,,,,,,,,,,6.7,,,,C,RT,1051,,,194,,,,,,,,,,,,,,,,
,15,AlCoCrFeNiMo0.1,19.60784314,19.60784314,19.60784314,,19.60784314,19.60784314,1.960784314,,,,,,,,,,,,,,,,,,,,,,,,,,BCC,,Arc melting,As cast,,,,,,,,,,,,6.8,,,,C,RT,1804,2280,9.1,196,,,,,,,,,,,,,,,,
,15,AlCoCrFeNiMo0.2,19.23076923,19.23076923,19.23076923,,19.23076923,19.23076923,3.846153846,,,,,,,,,,,,,,,,,,,,,,,,,,BCC + Im,Im: alpha phase,Arc melting,As cast,,,,,,,,,,,,6.9,,,,C,RT,2456,2953,3.4,,,,,,,,,,,,,,,,,
,15,AlCoCrFeNiMo0.3,18.86792453,18.86792453,18.86792453,,18.86792453,18.86792453,5.660377359,,,,,,,,,,,,,,,,,,,,,,,,,,BCC + Im,Im: alpha phase,Arc melting,As cast,,,,,,,,,,,,7.0,,,,C,RT,2649,3208,3.3,,,,,,,,,,,,,,,,,
,15,AlCoCrFeNiMo0.4,18.51851852,18.51851852,18.51851852,,18.51851852,18.51851852,7.407407408,,,,,,,,,,,,,,,,,,,,,,,,,,BCC + Im,Im: alpha phase,Arc melting,As cast,,,,,,,,,,,,7.0,,,,C,RT,2670,3161,3,,,,,,,,,,,,,,,,,
,15,AlCoCrFeNiMo0.5,18.18181818,18.18181818,18.18181818,,18.18181818,18.18181818,9.09090909,,,,,,,,,,,,,,,,,,,,,,,,,,BCC + Im,Im: alpha phase,Arc melting,As cast,,,,,,,,,,,,7.1,,,,C,RT,2757,3036,2.5,,,,,,,,,,,,,,,,,
,16,AlCoCrFeNi,20,20,20,,20,20,,,,,,,,,,,,,,,,,,,,,,,,,,,BCC,,Arc melting,As cast,,,,,,,,,,,,6.7,,,,C,RT,1110,,,194,,,,,,,,,,,,,,,,
,16,AlCoCrFeNiSi0.2,19.23076923,19.23076923,19.23076923,3.846153846,19.23076923,19.23076923,,,,,,,,,,,,,,,,,,,,,,,,,,,BCC,,Arc melting,As cast,,,,,,,,,,,,,,,,C,RT,1265,2173,13.76,,,,,,,,,,,,,,,,,
,16,AlCoCrFeNiSi0.4,18.51851852,18.51851852,18.51851852,7.407407408,18.51851852,18.51851852,,,,,,,,,,,,,,,,,,,,,,,,,,,BCC,,Arc melting,As cast,,,,,,,,,,,,,,,,C,RT,1481,2444,13.38,,,,,,,,,,,,,,,,,
,16,AlCoCrFeNiSi0.6,17.85714286,17.85714286,17.85714286,10.71428572,17.85714286,17.85714286,,,,,,,,,,,,,,,,,,,,,,,,,,,BCC,,Arc melting,As cast,,,,,,,,,,,,,,,,C,RT,1834,2195,2.56,,,,,,,,,,,,,,,,,
,16,AlCoCrFeNiSi0.8,17.24137931,17.24137931,17.24137931,13.79310345,17.24137931,17.24137931,,,,,,,,,,,,,,,,,,,,,,,,,,,BCC + Im,Im: delta phase,Arc melting,As cast,,,,,,,,,,,,,,,,C,RT,2179,2664,1.77,,,,,,,,,,,,,,,,,
,16,AlCoCrFeNiSi,16.66666667,16.66666667,16.66666667,16.66666667,16.66666667,16.66666667,,,,,,,,,,,,,,,,,,,,,,,,,,,BCC + Im,Im: delta phase,Arc melting,As cast,,,,,,,,,,,,,,,,C,RT,2411,2950,1.17,,,,,,,,,,,,,,,,,
,18,AlCoCrFeNi,20,20,20,,20,20,,,,,,,,,,,,,,,,,,,,,,,,,,,BCC,,Arc melting,As cast,,,,,,,,,,,,6.7,,,,C,RT,1138,,11,125,,,,,,,,,,,,,,,,
,18,AlC0.1CoCrFeNi,19.60784314,19.60784314,19.60784314,,19.60784314,19.60784314,,,,1.960784314,,,,,,,,,,,,,,,,,,,,,,,BCC + Im,Im: ε phase,Arc melting,As cast,,,,,,,,,,,,6.7,,,,C,RT,957,2550,11,213,,,,,,,,,,,,,,,,
,18,AlC0.2CoCrFeNi,19.23076923,19.23076923,19.23076923,,19.23076923,19.23076923,,,,3.846153846,,,,,,,,,,,,,,,,,,,,,,,BCC + Im,Im: ε phase,Arc melting,As cast,,,,,,,,,,,,6.8,,,,C,RT,906,2386,9,151,,,,,,,,,,,,,,,,
,18,AlC0.3CoCrFeNi,18.86792453,18.86792453,18.86792453,,18.86792453,18.86792453,,,,5.660377358,,,,,,,,,,,,,,,,,,,,,,,BCC + Im,Im: ε phase,Arc melting,As cast,,,,,,,,,,,,6.8,,,,C,RT,867,2178,8,137,,,,,,,,,,,,,,,,
,18,AlC0.4CoCrFeNi,18.51851852,18.51851852,18.51851852,,18.51851852,18.51851852,,,,7.407407407,,,,,,,,,,,,,,,,,,,,,,,BCC + Im,Im: ε phase,Arc melting,As cast,,,,,,,,,,,,6.8,,,,C,RT,1056,2375,7,156,,,,,,,,,,,,,,,,
,18,AlC0.5CoCrFeNi,18.18181818,18.18181818,18.18181818,,18.18181818,18.18181818,,,,9.090909091,,,,,,,,,,,,,,,,,,,,,,,BCC + Im,Im: ε phase,Arc melting,As cast,,,,,,,,,,,,6.8,,,,C,RT,1060,2250,6,181,,,,,,,,,,,,,,,,
,18,AlCCoCrFeNi,16.66666667,16.66666667,16.66666667,,16.66666667,16.66666667,,,,16.66666667,,,,,,,,,,,,,,,,,,,,,,,BCC + Im,Im: ε phase,Arc melting,As cast,,,,,,,,,,,,6.9,,,,C,RT,1251,2166,7,75,,,,,,,,,,,,,,,,
,18,AlC1.5CoCrFeNi,15.38461538,15.38461538,15.38461538,,15.38461538,15.38461538,,,,23.07692308,,,,,,,,,,,,,,,,,,,,,,,BCC + Im,Im: ε phase,Arc melting,As cast,,,,,,,,,,,,7.0,,,,C,RT,1255,2083,6,73,,,,,,,,,,,,,,,,
,19,AlCoCrFeNi,20,20,20,,20,20,,,,,,,,,,,,,,,,,,,5.32,,,1.09,-12.32,13.38,,,BCC,,Arc melting,As cast,,,,,,,,,,,,6.7,,520,HV0.5,C,RT,1373,3531,24.5,194,,,64.71,51.7,,,,,,,,,,,,
,19,AlCoCrFeNb0.1Ni,19.60784314,19.60784314,19.60784314,,19.60784314,19.60784314,,1.960784314,,,,,,,,,,,,,,,,,5.62,,,1.04,-13.32,13.88,,,BCC,,Arc melting,As cast,,,,,,,,,,,,6.8,,569,HV0.5,C,RT,1641,3285,17.2,192,,,49.56,57.7,,,,,,,,,,,,
,19,AlCoCrFeNb0.25Ni,19.04761905,19.04761905,19.04761905,,19.04761905,19.04761905,,4.761904762,,,,,,,,,,,,,,,,,5.99,,,0.98,-14.66,14.29,,,BCC + Im,Im: Laves,Arc melting,As cast,,,,,,,,,,,,6.8,,668,HV0.5,C,RT,1959,3008,10.5,,,,34.69,94.2,,,,,,,,,,,,
,19,AlCoCrFeNb0.5Ni,18.18181818,18.18181818,18.18181818,,18.18181818,18.18181818,,9.090909091,,,,,,,,,,,,,,,,,6.46,,,0.89,-16.58,14.71,,,BCC + Im,Im: Laves,Arc melting,As cast,,,,,,,,,,,,7.0,,747,HV0.5,C,RT,2473,3170,4.1,,,,17.61,85.4,,,,,,,,,,,,
,19,AlCoCrFeNb0.75Ni,17.39130435,17.39130435,17.39130435,,17.39130435,17.39130435,,13.04347826,,,,,,,,,,,,,,,,,6.81,,,0.83,-18.03,14.87,,,BCC + Im,Im: Laves,Arc melting,As cast,,,,,,,,,,,,7.0,,,,,,,,,,,,10.31,93.9,,,,,,,,,,,,
,20,AlCo0.5CrFeMo0.5Ni,10,20,20,,20,20,10,,,,,,,,,,,,,,,,,,,,,,,,,,BCC + Im,Im: sigma phase,Arc melting,As cast,,,,,,,,,,,,7.0,,801,"HV5, RT",,,,,,,,,,,,,,,,,,,,,,
,20,AlCoCrFeMo0.5Ni,18.18181818,18.18181818,18.18181818,,18.18181818,18.18181818,9.090909091,,,,,,,,,,,,,,,,,,,,,,,,,,BCC + Im,Im: sigma phase,Arc melting,As cast,,,,,,,,,,,,7.1,,796,"HV5, RT",,,,,,,,,,,,,,,,,,,,,,
,20,AlCo1.5CrFeMo0.5Ni,25,16.66666667,16.66666667,,16.66666667,16.66666667,8.333333333,,,,,,,,,,,,,,,,,,,,,,,,,,BCC + Im,Im: sigma phase,Arc melting,As cast,,,,,,,,,,,,7.2,,741,"HV5, RT",,,,,,,,,,,,,,,,,,,,,,
,20,AlCo2CrFeMo0.5Ni,30.76923077,15.38461538,15.38461538,,15.38461538,15.38461538,7.692307692,,,,,,,,,,,,,,,,,,,,,,,,,,FCC + BCC + Im,Im: sigma phase,Arc melting,As cast,,,,,,,,,,,,7.3,,586,"HV5, RT",,,,,,,,,,,,,,,,,,,,,,
,20a,CoCrCuFeNi,20,20,20,,,20,,,,,,,,20,,,,,,,,,,,,,,,,,,,FCC,,Arc melting,As cast,,,,,,,,,,,,7.3,,133,"HV5, RT",,,,,,,,,,,,,,,,,,,,,,
,20a,Al0.5CoCrCuFeNi,18.18181818,18.18181818,18.18181818,,9.09090909,18.18181818,,,,,,,,18.18181818,,,,,,,,,,,,,,,,,,,FCC,,Arc melting,As cast,,,,,,,,,,,,7.3,,206,"HV5, RT",,,,,,,,,,,,,,,,,,,,,,
,20a,Al0.8CoCrCuFeNi,17.24137931,17.24137931,17.24137931,,13.79310345,17.24137931,,,,,,,,17.24137931,,,,,,,,,,,,,,,,,,,FCC + BCC,,Arc melting,As cast,,,,,,,,,,,,7.3,,270,"HV5, RT",,,,,,187,,,,,,,,,,,,,,,,
,21,AlCoCrFeMo0.5Ni,18.1818,18.1818,18.1818,,18.1818,18.1818,9.0909,,,,,,,,,,,,,,,,,,,,,,,,,,BCC + Im,Im: sigma phase,Arc melting,As cast,,,,,,,,,,,,7.0,,732,"HV5, RT",,,,,,,,,,,,,,,,,,,,,,
,21,AlCoCrFe0.6Mo0.5Ni,19.60784314,11.76470588,19.60784314,,19.60784314,19.60784314,9.803921569,,,,,,,,,,,,,,,,,,,,,,,,,,BCC + Im,Im: sigma phase,Arc melting,As cast,,,,,,,,,,,,7.1,,755,"HV5, RT",,,,,,,,,,,,,,,,,,,,,,
,21,AlCoCrFe1.5Mo0.5Ni,16.66666667,25,16.66666667,,16.66666667,16.66666667,8.333333333,,,,,,,,,,,,,,,,,,,,,,,,,,BCC + Im,Im: sigma phase,Arc melting,As cast,,,,,,,,,,,,7.2,,635,"HV5, RT",,,,,,,,,,,,,,,,,,,,,,
,21,AlCoCrFe2Mo0.5Ni,15.38461538,30.76923077,15.38461538,,15.38461538,15.38461538,7.692307692,,,,,,,,,,,,,,,,,,,,,,,,,,BCC + Im,Im: sigma phase,Arc melting,As cast,,,,,,,,,,,,7.2,,639,"HV5, RT",,,,,,,,,,,,,,,,,,,,,,
,22,AlCoCrFeMo0.5Ni0.5,20,20,10,,20,20,10,,,,,,,,,,,,,,,,,,,,,,,,,,B2 + Im,B2: ordered BCC; Im: sigma phase,Arc melting,As cast,,,,,,,,,,,,7.0,,708,"HV5, RT",,,,,,,,,,,,,,,,,,,,,,
,22,AlCoCrFeMo0.5Ni,18.18181818,18.18181818,18.18181818,,18.18181818,18.18181818,9.090909091,,,,,,,,,,,,,,,,,,,,,,,,,,B2 + Im,B2: ordered BCC; Im: sigma phase,Arc melting,As cast,,,,,,,,,,,,7.1,,770,"HV5, RT",,,,,,,,,,,,,,,,,,,,,,
,22,AlCoCrFeMo0.5Ni1.5,16.66666667,16.66666667,25,,16.66666667,16.66666667,8.333333333,,,,,,,,,,,,,,,,,,,,,,,,,,FCC + B2 + Im,B2: ordered BCC; Im: sigma phase,Arc melting,As cast,,,,,,,,,,,,7.2,,627,"HV5, RT",,,,,,,,,,,,,,,,,,,,,,
,22,AlCoCrFeMo0.5Ni2,15.38461538,15.38461538,30.76923077,,15.38461538,15.38461538,7.692307692,,,,,,,,,,,,,,,,,,,,,,,,,,FCC + B2 + Im,B2: ordered BCC; Im: sigma phase,Arc melting,As cast,,,,,,,,,,,,7.4,,404,"HV5, RT",,,,,,,,,,,,,,,,,,,,,,
,22,AlCoCrFeMo0.5,22.22222222,22.22222222,,,22.22222222,22.22222222,11.11111111,,,,,,,,,,,,,,,,,,,,,,,,,,B2 + Im,B2: ordered BCC; Im: sigma phase,Arc melting,As cast,,,,,,,,,,,,6.8,,904,"HV5, RT",,,,,,,,,,,,,,,,,,,,,,
,24,AlCoCrFeNiTi0.5,18.18181818,18.18181818,18.18181818,,18.18181818,18.18181818,,,9.090909091,,,,,,,,,,,,,,,,,,,,,,,,FCC,STC5,Arc melting,As cast,,,,,,,,,,,,6.4,,178,,C,RT,2040,3135,24,73,,,,,,,,,,,,,,,,
,24,CoCrCuFeNiTi0.5,18.18181818,18.18181818,18.18181818,,,18.18181818,,,9.090909091,,,,,18.18181818,,,,,,,,,,,,,,,,,,,FCC,STC1,Arc melting,As cast,,,,,,,,,,,,7.8,,,,C,RT,700,1650,29,93,,,,,,,,,,,,,,,,
,24,Al0.25CoCrCu0.5FeNiTi0.5,19.04761905,19.04761905,19.04761905,,4.761904762,19.04761905,,,9.523809524,,,,,9.523809524,,,,,,,,,,,,,,,,,,,FCC,??,,,,,,,,,,,,,,7.4,,,,,,,,,198,,Not in the article,,,,,,,,,,,,,,
,24,Al0.25CoCrCu0.75FeNiTi0.5,18.18181818,18.18181818,18.18181818,,4.545454545,18.18181818,,,9.090909091,,,,,13.63636364,,,,,,,,,,,,,,,,,,,FCC,STC2,Arc melting,As cast,,,,,,,,,,,,7.5,,,,C,RT,750,1970,39,103,,,,,,,,,,,,,,,,
,24,Al0.5CoCrCu0.5FeNiTi0.5,18.18181818,18.18181818,18.18181818,,9.090909091,18.18181818,,,9.090909091,,,,,9.090909091,,,,,,,,,,,,,,,,,,,FCC + BCC,STC3,Arc melting,As cast,,,,,,,,,,,,7.1,,,,C,RT,1580,2389,17,161,,,,,,,,,,,,,,,,
,24,Al0.75CoCrCu0.25FeNiTi0.5,18.18181818,18.18181818,18.18181818,,13.63636364,18.18181818,,,9.090909091,,,,,4.545454545,,,,,,,,,,,,,,,,,,,BCC,STC4,Arc melting,As cast,,,,,,,,,,,,6.8,,,,C,RT,1900,2697,12,164,,,,,,,,,,,,,,,,
,25,AlCoCrFeNi,20,20,20,,20,20,,,,,,,,,,,,,,,,,,,,,,,,,,,BCC,,Arc melting,As cast,,,,,,,,,,,,,,,,C,RT,1500,2830,27,127,,,,,,,,,,,,,,,,
,25,AlCoCrFeNiTi0.5,18.18181818,18.18181818,18.18181818,,18.18181818,18.18181818,,,9.090909091,,,,,,,,,,,,,,,,,,,,,,,,BCC,,Arc melting,As cast,-,,,,,,,,,,,6.4,,178,,C,RT,2260,3140,23,178,,,,,,,,,,,,,,,,
,25,AlCoCrFeNiTi,16.66666667,16.66666667,16.66666667,,16.66666667,16.66666667,,,16.66666667,,,,,,,,,,,,,,,,,,,,,,,,BCC,,Arc melting,As cast,-,,,,,,,,,,,6.2,,,,C,RT,1860,2580,9,90,,,,,,,,,,,,,,,,
,25,AlCoCrFeNiTi1.5,15.38461538,15.38461538,15.38461538,,15.38461538,15.38461538,,,23.07692308,,,,,,,,,,,,,,,,,,,,,,,,BCC + Im,Im: Laves,Arc melting,As cast,-,,,,,,,,,,,6.1,,,,C,RT,2220,2720,5,160,,,,,,,,,,,,,,,,
,27,Al0.00CoCrFeMnNi,20,20,20,,,20,,,,,,,20,,,,,,,,,,,,,,,,,,,,FCC,Al0,Arc melting,As cast,,,,,,,,,,,,8.0,,176,"Load of 5kg, RT",T,RT,208,491,62,219,,,,,,,,,,,,,,,,
,27,Al0.10CoCrFeMnNi,19.60784314,19.60784314,19.60784314,,1.960784314,19.60784314,,,,,,,19.60784314,,,,,,,,,,,,,,,,,,,,FCC,Al2,Arc melting,As cast,,,,,,,,,,,,7.9,,180,"Load of 5kg, RT",,RT,,,,216,,,,,,,,,,,,,,,,
,27,Al0.20CoCrFeMnNi,19.23076923,19.23076923,19.23076923,,3.846153846,19.23076923,,,,,,,19.23076923,,,,,,,,,,,,,,,,,,,,FCC,Al4,Arc melting,As cast,,,,,,,,,,,,7.7,,171,"Load of 5kg, RT",T,RT,220,499,56,214,,,,,,,,,,,,,,,,
,27,Al0.38CoCrFeMnNi,18.58736059,18.58736059,18.58736059,,7.063197026,18.58736059,,,,,,,18.58736059,,,,,,,,,,,,,,,,,,,,FCC,Al7,Arc melting,As cast,,,,,,,,,,,,7.5,,182,"Load of 5kg, RT",T,RT,244,529,45,209,,,,,,,,,,,,,,,,
,27,Al0.43CoCrFeMnNi,18.41620626,18.41620626,18.41620626,,7.918968692,18.41620626,,,,,,,18.41620626,,,,,,,,,,,,,,,,,,,,FCC + BCC,Al8,Arc melting,As cast,,,,,,,,,,,,7.4,,183,"Load of 5kg, RT",T,RT,285,640,35,208,,,,,,,,,,,,,,,,
,27,Al0.49CoCrFeMnNi,18.21493625,18.21493625,18.21493625,,8.925318761,18.21493625,,,,,,,18.21493625,,,,,,,,,,,,,,,,,,,,FCC + BCC,Al9,Arc melting,As cast,,,,,,,,,,,,7.4,,220,"Load of 5kg, RT",T,RT,331,724,29,206,,,,,,,,,,,,,,,,
,27,Al0.56CoCrFeMnNi,17.98561151,17.98561151,17.98561151,,10.07194245,17.98561151,,,,,,,17.98561151,,,,,,,,,,,,,,,,,,,,FCC + BCC,Al10,Arc melting,As cast,,,,,,,,,,,,7.3,,278,"Load of 5kg, RT",T,RT,526,990,18,204,,,,,,,,,,,,,,,,
,27,Al0.62CoCrFeMnNi,17.79359431,17.79359431,17.79359431,,11.03202847,17.79359431,,,,,,,17.79359431,,,,,,,,,,,,,,,,,,,,FCC + BCC,Al11,Arc melting,As cast,,,,,,,,,,,,7.2,,405,"Load of 5kg, RT",T,RT,833,1167,8,203,,,,,,,,,,,,,,,,
,27,Al0.68CoCrFeMnNi,17.6056338,17.6056338,17.6056338,,11.97183099,17.6056338,,,,,,,17.6056338,,,,,,,,,,,,,,,,,,,,FCC + BCC,Al12,Arc melting,As cast,,,,,,,,,,,,7.2,,486,"Load of 5kg, RT",,RT,,,,202,,,,,,,,,,,,,,,,
,27,Al0.75CoCrFeMnNi,17.39130435,17.39130435,17.39130435,,13.04347826,17.39130435,,,,,,,17.39130435,,,,,,,,,,,,,,,,,,,,FCC + BCC,Al13,Arc melting,As cast,,,,,,,,,,,,7.1,,530,"Load of 5kg, RT",,RT,,,,200,,,,,,,,,,,,,,,,
,27,Al0.81CoCrFeMnNi,17.21170396,17.21170396,17.21170396,,13.94148021,17.21170396,,,,,,,17.21170396,,,,,,,,,,,,,,,,,,,,FCC + BCC,Al14,Arc melting,As cast,,,,,,,,,,,,7.0,,539,"Load of 5kg, RT",,RT,,,,199,,,,,,,,,,,,,,,,
,27,Al0.88CoCrFeMnNi,17.00680272,17.00680272,17.00680272,,14.96598639,17.00680272,,,,,,,17.00680272,,,,,,,,,,,,,,,,,,,,FCC + BCC,Al15,Arc melting,As cast,,,,,,,,,,,,7.0,,533,"Load of 5kg, RT",,RT,,,,197,,,,,,,,,,,,,,,,
,27,Al0.95CoCrFeMnNi,16.80672269,16.80672269,16.80672269,,15.96638655,16.80672269,,,,,,,16.80672269,,,,,,,,,,,,,,,,,,,,FCC + BCC,Al16,Arc melting,As cast,,,,,,,,,,,,6.9,,535,"Load of 5kg, RT",,RT,,,,196,,,,,,,,,,,,,,,,
,27,Al1.25CoCrFeMnNi,16,16,16,,20,16,,,,,,,16,,,,,,,,,,,,,,,,,,,,BCC,Al20,Arc melting,As cast,,,,,,,,,,,,6.6,,539,"Load of 5kg, RT",,RT,,,,190,,,,,,,,,,,,,,,,
,28,CoCrFeMnNi,20,20,20,,,20,,,,,,,20,,,,,,,,,,,,1.1,0.1384,8,5.79,-4.16,13.38,,,FCC,,Arc melting,As cast,,,,,,,,,,,,8.0,,144,"Load of 0.3kg, RT",,,,,,,,,,,,,,,,,,,,,,
,28,CoCrFeMnNiV0.25,19.04761905,19.04761905,19.04761905,,,19.04761905,,,,,4.761904762,,19.04761905,,,,,,,,,,,,1.8,0.1381,7.85,4.89,-5.35,14.36,,,FCC,,Arc melting,As cast,,,,,,,,,,,,7.9,,151,"Load of 0.3kg, RT",,,,,,,,,,,,,,,,,,,,,,
,28,CoCrFeMnNiV0.5,18.18181818,18.18181818,18.18181818,,,18.18181818,,,,,9.090909091,,18.18181818,,,,,,,,,,,,2.1,0.1376,7.7,4.35,-6.2,14.69,,,FCC + Im,Im: sigma phase,Arc melting,As cast,,,,,,,,,,,,7.8,,186,"Load of 0.3kg, RT",,,,,,,,,,,,,,,,,,,,,,
,28,CoCrFeMnNiV0.75,17.39130435,17.39130435,17.39130435,,,17.39130435,,,,,13.04347826,,17.39130435,,,,,,,,,,,,2.4,0.1369,7.61,3.96,-6.95,14.85,,,FCC + Im,Im: sigma phase,Arc melting,As cast,,,,,,,,,,,,7.7,,342,"Load of 0.3kg, RT",,,,,,,,,,,,,,,,,,,,,,
,28,CoCrFeMnNiV1.0,16.66666667,16.66666667,16.66666667,,,16.66666667,,,,,16.66666667,,16.66666667,,,,,,,,,,,,2.6,0.1361,7.5,3.68,-7.5,14.9,,,FCC + Im,Im: sigma phase,Arc melting,As cast,,,,,,,,,,,,7.7,,650,"Load of 0.3kg, RT",,,,,,,,,,,,,,,,,,,,,,
,28,CoCrFeMnNi,20,20,20,,,20,,,,,,,20,,,,,,,,,,,,1.1,0.1384,8,5.79,-4.16,13.38,,,FCC,,Arc melting,Homogenized,1000,24,,,,,,,,,,8.0,,135,"Load of 0.3kg, RT",C,RT,230,,75,219,,not fracture,,,,,,,,,,,,,,
,28,CoCrFeMnNiV0.25,19.04761905,19.04761905,19.04761905,,,19.04761905,,,,,4.761904762,,19.04761905,,,,,,,,,,,,1.8,0.1381,7.85,4.89,-5.35,14.36,,,FCC,,Arc melting,Homogenized,1000,24,,,,,,,,,,7.9,,144,"Load of 0.3kg, RT",C,RT,200,,75,215,,not fracture,,,,,,,,,,,,,,
,28,CoCrFeMnNiV0.5,18.18181818,18.18181818,18.18181818,,,18.18181818,,,,,9.090909091,,18.18181818,,,,,,,,,,,,2.1,0.1376,7.7,4.35,-6.2,14.69,,,FCC + Im,Im: sigma phase,Arc melting,Homogenized,1000,24,,,,,,,,,,7.8,,275,"Load of 0.3kg, RT",C,RT,620,,75,211,,not fracture,,,,,,,,,,,,,,
,28,CoCrFeMnNiV0.75,17.39130435,17.39130435,17.39130435,,,17.39130435,,,,,13.04347826,,17.39130435,,,,,,,,,,,,2.4,0.1369,7.61,3.96,-6.95,14.85,,,FCC + Im,Im: sigma phase,Arc melting,Homogenized,1000,24,,,,,,,,,,7.7,,380,"Load of 0.3kg, RT",C,RT,740,,8,,,Fracture: 1325 MPa,,,,,,,,,,,,,,
,28,CoCrFeMnNiV1.0,16.66666667,16.66666667,16.66666667,,,16.66666667,,,,,16.66666667,,16.66666667,,,,,,,,,,,,2.6,0.1361,7.5,3.68,-7.5,14.9,,,FCC + Im,Im: sigma phase,Arc melting,Homogenized,1000,24,,,,,,,,,,7.7,,636,"Load of 0.3kg, RT",C,RT,1660,,0.5,,,Fracture: 1845 MPa,,,,,,,,,,,,,,
,29,Al0.5CrFe1.5MnNi0.5,,33.33333333,11.11111111,,11.11111111,22.22222222,,,,,,,22.22222222,,,,,,,,,,,,,,,,,,,,BCC,,Arc melting,As cast,,,,,,,,,,,As cast,7.0,,396,"HV5, RT",,,,,,206,,,,,,,,,,,,,,,,
,29,Al0.3CrFe1.5MnNi0.5,,34.88372093,11.62790698,,6.976744186,23.25581395,,,,,,,23.25581395,,,,,,,,,,,,,,,,,,,,FCC + BCC,,Arc melting,As cast,,,,,,,,,,,As cast,7.2,,297,"HV5, RT",,,,,,213,,,,,,,,,,,,,,,,
,29,Al0.5CrFe1.5MnNi0.5,,33.33333333,11.11111111,,11.11111111,22.22222222,,,,,,,22.22222222,,,,,,,,,,,,,,,,,,,,BCC,,Arc melting,as cast,,,Hot Forging,"1200°C, Reduction 50%",,,,,,,As forged,7.0,,428,"HV5, RT",,,,,,,,,,,,,,,,,,,,,,
,29,Al0.3CrFe1.5MnNi0.5,,34.88372093,11.62790698,,6.976744186,23.25581395,,,,,,,23.25581395,,,,,,,,,,,,,,,,,,,,FCC + BCC,,Arc melting,as cast,,,Hot Forging,"1200°C, Reduction 50%",,,,,,,As forged,7.2,,358,"HV5, RT",,,,,,,,,,,,,,,,,,,,,,
,29,Al0.5CrFe1.5MnNi0.5,,33.33333333,11.11111111,,11.11111111,22.22222222,,,,,,,22.22222222,,,,,,,,,,,,,,,,,,,,BCC,,Arc melting,Homogenized,1100,6,Hot Forging,"1200°C, Reduction 50%",,,,,,,As-homogenized,7.0,,339,"HV5, RT",,,,,,,,,,,,,,,,,,,,,,
,29,Al0.3CrFe1.5MnNi0.5,,34.88372093,11.62790698,,6.976744186,23.25581395,,,,,,,23.25581395,,,,,,,,,,,,,,,,,,,,FCC + BCC,,Arc melting,Homogenized,1100,6,Hot Forging,"1200°C, Reduction 50%",,,,,,,As-homogenized,7.2,,394,"HV5, RT",,,,,,,,,,,,,,,,,,,,,,
,29,Al0.5CrFe1.5MnNi0.5,,33.33333333,11.11111111,,11.11111111,22.22222222,,,,,,,22.22222222,,,,,,,,,,,,,,,,,,,,BCC,,Arc melting,Homogenized,1100,6,Hot Forging + Warm Rolling,"Forging: 1200°C, Reduction 50%; Rolling: 300°C, Reduction 80%",,,,,,,As-rolled,7.0,,480,"HV5, RT",,,,,,,,,,,,,,,,,,,,,,
,29,Al0.3CrFe1.5MnNi0.5,,34.88372093,11.62790698,,6.976744186,23.25581395,,,,,,,23.25581395,,,,,,,,,,,,,,,,,,,,FCC + BCC,,Arc melting,Homogenized,1100,6,Hot Forging + Warm Rolling,"Forging: 1200°C, Reduction 50%; Rolling: 300°C, Reduction 80%",,,,,,,As-rolled,7.2,,446,"HV5, RT",,,,,,,,,,,,,,,,,,,,,,
,29,Al0.5CrFe1.5MnNi0.5,,33.33333333,11.11111111,,11.11111111,22.22222222,,,,,,,22.22222222,,,,,,,,,,,,,,,,,,,,BCC + Im,Im: rho phase,Arc melting,as cast,,,,,Aging,700,50,,,,As aged - As cast,7.0,,840,"HV5, RT",,,,,,,,,,,,,,,,,,,,,,
,29,Al0.3CrFe1.5MnNi0.5,,34.88372093,11.62790698,,6.976744186,23.25581395,,,,,,,23.25581395,,,,,,,,,,,,,,,,,,,,FCC + BCC + Im,Im: rho phase,Arc melting,As cast,,,,,Aging,700,5,,,,As aged - As cast,7.2,-,800,"HV5, RT",,,,,,,,,,,,,,,,,,,,,,
,29,Al0.5CrFe1.5MnNi0.5,,33.33333333,11.11111111,,11.11111111,22.22222222,,,,,,,22.22222222,,,,,,,,,,,,,,,,,,,,BCC + Im,Im: rho phase,Arc melting,Homogenized,1100,6,Hot Forging + Warm Rolling,"Forging: 1200°C, Reduction 50%; Rolling: 300°C, Rediction 80%",Aging,700,2,,,,As aged - As rolled 80%,7.0,,920,"HV5, RT",,,,,,,,,,,,,,,,,,,,,,
,29,Al0.3CrFe1.5MnNi0.5,,34.88372093,11.62790698,,6.976744186,23.25581395,,,,,,,23.25581395,,,,,,,,,,,,,,,,,,,,FCC + BCC + Im,Im: rho phase,Arc melting,Homogenized,1100,6,Hot Forging + Warm Rolling,"Forging: 1200°C, Reduction 50%; Rolling: 300°C, Reduction 80%",Aging,700,2,,,,As aged - As rolled 80%,7.2,,880,"HV5, RT",,,,,,,,,,,,,,,,,,,,,,
,30,AlCrFeNi,,25,25,,25,25,,,,,,,,,,,,,,,,,,,5.755,0.1221,6.75,,-13.25,11.53,,,BCC + B2,Mo00,Arc melting,as cast,,,,,,,,,,,,6.3,,472,"HV1, RT",C,RT,1406,2927,29,190,,UTS = Fracture,,,,,,,,,,,,,,
,30,AlCrFeNiMo0.2,,23.80952381,23.80952381,,23.80952381,23.80952381,4.761904762,,,,,,,,,,,,,,,,,,5.777,0.1474,6.71,,-12.65,12.57,,,BCC + B2,Mo02,Arc melting,as cast,,,,,,,,,,,,6.5,,549,"HV1,RT",C,RT,1487,3222,29,197,,UTS = Fracture,,,,,,,,,,,,,,
,30,AlCrFeNiMo0.5,,22.22222222,22.22222222,,22.22222222,22.22222222,11.11111111,,,,,,,,,,,,,,,,,,5.779,0.1722,6.67,,-11.85,13.15,,,BCC + B2,Mo05,Arc melting,as cast,,,,,,,,,,,,6.8,,622,"HV1,RT",C,RT,1749,2644,13,205,,UTS = Fracture,,,,,,,,,,,,,,
,30,AlCrFeNiMo0.8,,20.83333333,20.83333333,,20.83333333,20.83333333,16.66666667,,,,,,,,,,,,,,,,,,5.755,0.1884,6.63,,-11.15,13.35,,,B2 + Im,Mo08,Arc melting,as cast,,,,,,,,,,,,7.0,,854,"HV1,RT",C,RT,1513,1513,0,,,UTS = Fracture,,,,,,,,,,,,,,
,30,AlCrFeNiMo,,20,20,,20,20,20,,,,,,,,,,,,,,,,,,5.73,0.1962,6.6,,-10.72,13.38,,,B2 + Im,Mo10,Arc melting,as cast,,,,,,,,,,,,7.2,,905,"HV1,RT",,,,,,,,,,,,,,,,,,,,,,
,32,CoCrCu0.5FeNi,22.22222222,22.22222222,22.22222222,,,22.22222222,,,,,,,,11.11111111,,,,,,,,,,,,,,,,,,,FCC,,Arc melting,Homogenized,1050,1,,,,,,,,,,8.3,,172,"HV300, RT",,,,,,214,,,,,,,,,3.5% NaCl,,SCE,-0.28,#ERROR!,0.07,,
,32,CoCrCu0.5FeNi,22.22222222,22.22222222,22.22222222,,,22.22222222,,,,,,,,11.11111111,,,,,,,,,,,,,,,,,,,FCC + Im,Im: Cu- or Cr- phase,Arc melting,Homogenized,1050,1,,,Aging,1350,24,,Water,,,8.3,,166.5,"HV300, RT",,,,,,,,,,,,,,,3.5% NaCl,,SCE,-0.41,#ERROR!,0.05,,
,33,CoCrCuFeNi,20,20,20,,,20,,,,,,,,20,,,,,,,,,,,,,,,,,,,FCC,,Arc melting,As cast,,,,,,,,,,,,8.3,,132,,C,,230,,,56,,,,,,,,,,,,,,,,
,33,Al0.3CoCrCuFeNi,18.86792453,18.86792453,18.86792453,,5.660377358,18.86792453,,,,,,,,18.86792453,,,,,,,,,,,,,,,,,,,FCC,,Arc melting,As cast,,,,,,,,,,,,7.9,,180,,,,,,,198,,,,,,,,,,,,,,,,
,33,Al0.5CoCrCuFeNi,18.18181818,18.18181818,18.18181818,,9.090909091,18.18181818,,,,,,,,18.18181818,,,,,,,,,,,,,,,,,,,FCC,,Arc melting,As cast,,,,,,,,,,,,7.6,,210,,C,,388,,,193,,,,,,,,,,,,,,,,
,33,Al0.8CoCrCuFeNi,17.24137931,17.24137931,17.24137931,,13.79310345,17.24137931,,,,,,,,17.24137931,,,,,,,,,,,,,,,,,,,FCC,,Arc melting,As cast,,,,,,,,,,,,7.3,,270,,,,,,,187,,,,,,,,,,,,,,,,
,33,AlCoCrCuFeNi,16.66666667,16.66666667,16.66666667,,16.66666667,16.66666667,,,,,,,,16.66666667,,,,,,,,,,,,,,,,,,,FCC + BCC,,Arc melting,As cast,,,,,,,,,,,,7.1,,406,,C,,950,,,183,,,,,,,,,,,,,,,,
,33,Al1.3CoCrCuFeNi,15.87301587,15.87301587,15.87301587,,20.63492063,15.87301587,,,,,,,,15.87301587,,,,,,,,,,,,,,,,,,,FCC + BCC,,Arc melting,As cast,,,,,,,,,,,,6.8,,470,,,,,,,178,,,,,,,,,,,,,,,,
,33,Al1.5CoCrCuFeNi,15.38461538,15.38461538,15.38461538,,23.07692308,15.38461538,,,,,,,,15.38461538,,,,,,,,,,,,,,,,,,,FCC + BCC,,Arc melting,As cast,,,,,,,,,,,,6.6,,506,,,,,,,133,,,,,,,,,,,,,,,,
,33,Al1.8CoCrCuFeNi,14.70588235,14.70588235,14.70588235,,26.47058824,14.70588235,,,,,,,,14.70588235,,,,,,,,,,,,,,,,,,,FCC + BCC,,Arc melting,As cast,,,,,,,,,,,,6.4,,650,,,,,,,170,,,,,,,,,,,,,,,,
,33,Al2CoCrCuFeNi,14.28571429,14.28571429,14.28571429,,28.57142857,14.28571429,,,,,,,,14.28571429,,,,,,,,,,,,,,,,,,,FCC + BCC,,Arc melting,As cast,,,,,,,,,,,,6.3,,560,,C,,1620,,,167,,,,,,,,,,,,,,,,
,33,Al2.3CoCrCuFeNi,13.69863014,13.69863014,13.69863014,,31.50684932,13.69863014,,,,,,,,13.69863014,,,,,,,,,,,,,,,,,,,FCC + BCC,,Arc melting,As cast,,,,,,,,,,,,6.1,,600,,,,,,,163,,,,,,,,,,,,,,,,
,33,Al2.5CoCrCuFeNi,13.33333333,13.33333333,13.33333333,,33.33333333,13.33333333,,,,,,,,13.33333333,,,,,,,,,,,,,,,,,,,FCC + BCC,,Arc melting,As cast,,,,,,,,,,,,6.0,,620,,,,,,,161,,,,,,,,,,,,,,,,
,33,Al2.8CoCrCuFeNi,12.82051282,12.82051282,12.82051282,,35.8974359,12.82051282,,,,,,,,12.82051282,,,,,,,,,,,,,,,,,,,BCC,,Arc melting,As cast,,,,,,,,,,,,5.8,,650,,,,,,,157,,,,,,,,,,,,,,,,
,33,Al3CoCrCuFeNi,12.5,12.5,12.5,,37.5,12.5,,,,,,,,12.5,,,,,,,,,,,,,,,,,,,BCC,,Arc melting,As cast,,,,,,,,,,,,,,,,,,,,,,,,,,,,,,,,,,,,,
,34,CoCrCuFeNi,20,20,20,,,20,,,,,,,,20,,,,,,,,,,,,,,,,,,,FCC,,Arc melting,As cast,,,,,,,,,,,,,,,,C,RT,230,888,50,56,,,1.505,,,,,paramagnetic,,,,,,,,
,34,CoCrCuFeNiTi0.5,18.18181818,18.18181818,18.18181818,,,18.18181818,,,9.090909091,,,,,18.18181818,,,,,,,,,,,,,,,,,,,FCC,,Arc melting,As cast,,,,,,,,,,,,7.8,,,,C,RT,700,1650,22,99,,,0.333,,,,,paramagnetic,,,,,,,,
,34,CoCrCuFeNiTi0.8,17.24137931,17.24137931,17.24137931,,,17.24137931,,,13.79310345,,,,,17.24137931,,,,,,,,,,,,,,,,,,,FCC + Im,Im: Laves,Arc melting,As cast,,,,,,,,,,,,7.6,,,,C,RT,1042,1848,2,128,,,1.368,,,,,superparamagnetic,,,,,,,,
,34,CoCrCuFeNiTi,16.66666667,16.66666667,16.66666667,,,16.66666667,,,16.66666667,,,,,16.66666667,,,,,,,,,,,,,,,,,,,FCC+ Im,Im: Laves,Arc melting,As cast,,,,,,,,,,,,7.4,,,,C,RT,1272,1272,0,77,,,1.511,,,,,superparamagnetic,,,,,,,,
,37,Al0.5CoCrCuFeNi,18.18181818,18.18181818,18.18181818,,9.090909091,18.18181818,,,,,,,,18.18181818,,,,,,,,,,,,,,,,,,,FCC,,Arc melting,As cast,,,,,,,,,,,,7.6,,225,"HV5, RT",,,,,,193,,,,,,,,,,,,,,,,
,37,Al0.5CoCrCuFeNiTi0.2,17.54385965,17.54385965,17.54385965,,8.771929825,17.54385965,,,3.50877193,,,,,17.54385965,,,,,,,,,,,,,,,,,,,FCC,,Arc melting,As cast,,,,,,,,,,,,7.5,,272,"HV5, RT",,,,,,191,,,,,,,,,,,,,,,,
,37,Al0.5CoCrCuFeNiTi0.4,16.94915254,16.94915254,16.94915254,,8.474576271,16.94915254,,,6.779661017,,,,,16.94915254,,,,,,,,,,,,,,,,,,,FCC,,Arc melting,As cast,,,,,,,,,,,,7.3,,321,"HV5, RT",,,,,,188,,,,,,,,,,,,,,,,
,37,Al0.5CoCrCuFeNiTi0.6,16.39344262,16.39344262,16.39344262,,8.196721311,16.39344262,,,9.836065574,,,,,16.39344262,,,,,,,,,,,,,,,,,,,FCC + BCC,,Arc melting,As cast,,,,,,,,,,,,7.2,,458,"HV5, RT",,,,,,186,,,,,,,,,,,,,,,,
,37,Al0.5CoCrCuFeNiTi0.8,15.87301587,15.87301587,15.87301587,,7.936507937,15.87301587,,,12.6984127,,,,,15.87301587,,,,,,,,,,,,,,,,,,,FCC + BCC,,Arc melting,As cast,,,,,,,,,,,,7.1,,590,"HV5, RT",,,,,,184,,,,,,,,,,,,,,,,
,37,Al0.5CoCrCuFeNiTi,15.38461538,15.38461538,15.38461538,,7.692307692,15.38461538,,,15.38461538,,,,,15.38461538,,,,,,,,,,,,,,,,,,,FCC + BCC + Im,Im: sigma phase,Arc melting,As cast,,,,,,,,,,,,7.0,,636,"HV5, RT",,,,,,,,,,,,,,,,,,,,,,
,37,Al0.5CoCrCuFeNiTi1.2,14.92537313,14.92537313,14.92537313,,7.462686567,14.92537313,,,17.91044776,,,,,14.92537313,,,,,,,,,,,,,,,,,,,FCC + BCC + Im,Im: sigma phase,Arc melting,As cast,,,,,,,,,,,,6.9,,646,"HV5, RT",,,,,,,,,,,,,,,,,,,,,,
,37,Al0.5CoCrCuFeNiTi1.4,14.49275362,14.49275362,14.49275362,,7.246376812,14.49275362,,,20.28985507,,,,,14.49275362,,,,,,,,,,,,,,,,,,,FCC + BCC + Im,Im: Ti2Ni-like phase,Arc melting,As cast,,,,,,,,,,,,6.8,,664,"HV5, RT",,,,,,,,,,,,,,,,,,,,,,
,37,Al0.5CoCrCuFeNiTi1.6,14.08450704,14.08450704,14.08450704,,7.042253521,14.08450704,,,22.53521127,,,,,14.08450704,,,,,,,,,,,,,,,,,,,FCC + BCC + Im,Im: Ti2Ni-like phase,Arc melting,As cast,,,,,,,,,,,,6.7,,657,"HV5, RT",,,,,,,,,,,,,,,,,,,,,,
,37,Al0.5CoCrCuFeNiTi1.8,13.69863014,13.69863014,13.69863014,,6.849315068,13.69863014,,,24.65753425,,,,,13.69863014,,,,,,,,,,,,,,,,,,,FCC + BCC + Im,Im: Ti2Ni-like phase,Arc melting,As cast,,,,,,,,,,,,6.6,,667,"HV5, RT",,,,,,,,,,,,,,,,,,,,,,
,37,Al0.5CoCrCuFeNiTi2,13.33333333,13.33333333,13.33333333,,6.666666667,13.33333333,,,26.66666667,,,,,13.33333333,,,,,,,,,,,,,,,,,,,FCC + BCC + Im,Im: Ti2Ni-like phase,Arc melting,As cast,,,,,,,,,,,,6.5,,696,"HV5, RT",,,,,,,,,,,,,,,,,,,,,,
,38,Al0.5CoCrCuFeNi,18.18181818,18.18181818,18.18181818,,9.090909091,18.18181818,,,,,,,,18.18181818,,,,,,,,,,,,,,,,,,,FCC,,Arc melting,As cast,,,,,,,,,,,,7.6,,215,"HV5, RT",,,,,,193,,,,,,,,,,,,,,,,
,38,Al0.5CoCrCuFeNiV0.2,17.54385965,17.54385965,17.54385965,,8.771929825,17.54385965,,,,,3.50877193,,,17.54385965,,,,,,,,,,,,,,,,,,,FCC,,Arc melting,As cast,,,,,,,,,,,,7.6,,204,"HV5, RT",,,,,,191,,,,,,,,,,,,,,,,
,38,Al0.5CoCrCuFeNiV0.4,16.94915254,16.94915254,16.94915254,,8.474576271,16.94915254,,,,,6.779661017,,,16.94915254,,,,,,,,,,,,,,,,,,,FCC + BCC,,Arc melting,As cast,,,,,,,,,,,,7.5,,231,"HV5, RT",,,,,,189,,,,,,,,,,,,,,,,
,38,Al0.5CoCrCuFeNiV0.6,16.39344262,16.39344262,16.39344262,,8.196721311,16.39344262,,,,,9.836065574,,,16.39344262,,,,,,,,,,,,,,,,,,,FCC + BCC + Im,Im: sigma phase,Arc melting,As cast,,,,,,,,,,,,7.5,,328,"HV5, RT",,,,,,,,,,,,,,,,,,,,,,
,38,Al0.5CoCrCuFeNiV0.8,15.87301587,15.87301587,15.87301587,,7.936507937,15.87301587,,,,,12.6984127,,,15.87301587,,,,,,,,,,,,,,,,,,,FCC + BCC + Im,Im: sigma phase,Arc melting,As cast,,,,,,,,,,,,7.4,,447,"HV5, RT",,,,,,,,,,,,,,,,,,,,,,
,38,Al0.5CoCrCuFeNiV1.0,15.38461538,15.38461538,15.38461538,,7.692307692,15.38461538,,,,,15.38461538,,,15.38461538,,,,,,,,,,,,,,,,,,,FCC + BCC + Im,Im: sigma phase,Arc melting,As cast,,,,,,,,,,,,7.4,,639,"HV5, RT",,,,,,,,,,,,,,,,,,,,,,
,38,Al0.5CoCrCuFeNiV1.2,14.92537313,14.92537313,14.92537313,,7.462686567,14.92537313,,,,,17.91044776,,,14.92537313,,,,,,,,,,,,,,,,,,,BCC,,Arc melting,As cast,,,,,,,,,,,,7.3,,579,"HV5, RT",,,,,,182,,,,,,,,,,,,,,,,
,38,Al0.5CoCrCuFeNiV1.4,14.49275362,14.49275362,14.49275362,,7.246376812,14.49275362,,,,,20.28985507,,,14.49275362,,,,,,,,,,,,,,,,,,,BCC,,Arc melting,As cast,,,,,,,,,,,,7.3,,577,"HV5, RT",,,,,,180,,,,,,,,,,,,,,,,
,38,Al0.5CoCrCuFeNiV1.6,14.08450704,14.08450704,14.08450704,,7.042253521,14.08450704,,,,,22.53521127,,,14.08450704,,,,,,,,,,,,,,,,,,,BCC,,Arc melting,As cast,,,,,,,,,,,,7.2,,594,"HV5, RT",,,,,,179,,,,,,,,,,,,,,,,
,38,Al0.5CoCrCuFeNiV1.8,13.69863014,13.69863014,13.69863014,,6.849315068,13.69863014,,,,,24.65753425,,,13.69863014,,,,,,,,,,,,,,,,,,,BCC,,Arc melting,As cast,,,,,,,,,,,,7.2,,597,"HV5, RT",,,,,,177,,,,,,,,,,,,,,,,
,38,Al0.5CoCrCuFeNiV2.0,13.33333333,13.33333333,13.33333333,,6.666666667,13.33333333,,,,,26.66666667,,,13.33333333,,,,,,,,,,,,,,,,,,,BCC,,Arc melting,As cast,,,,,,,,,,,,7.2,,587,"HV5, RT",,,,,,176,,,,,,,,,,,,,,,,
,39,AlCoCuFeNiCr,16.66666667,16.66666667,16.66666667,,16.66666667,16.66666667,,,,,,,,16.66666667,,,,,,,,,,,4.83,0.151,7.84,,-4.78,,,,FCC + BCC,,Arc melting,As cast,,,,,,,,,,,,7.1,,472,"HV0.2, RT",C,RT,,1510,16,184,,,,,,,,,,,,,,,,
,39,AlCoCuFeNi,20,20,20,,20,,,,,,,,,20,,,,,,,,,,,5.24,0.154,8.2,,-5.28,,,,FCC + BCC,,Arc melting,As cast,,,,,,,,,,,,7.0,,536,"HV0.2, RT",C,RT,,1330,9,164,,,,,,,,,,,,,,,,
,39,AlCoCuFeNiSi,16.66666667,16.66666667,16.66666667,16.66666667,16.66666667,,,,,,,,,16.66666667,,,,,,,,,,,4.83,0.141,7.5,,-20.45,,,,FCC + BCC,,Arc melting,As cast,,,,,,,,,,,,5.9,,680,"HV0.2, RT",C,RT,,1930,10,145,,,,,,,,,,,,,,,,
,39,AlCoCuFeNiTi,16.66666667,16.66666667,16.66666667,,16.66666667,,,,16.66666667,,,,,16.66666667,,,,,,,,,,,6.58,0.172,7.5,,-16.9,,,,FCC + BCC,,Arc melting,As cast,,,,,,,,,,,,6.5,,625,"HV0.2, RT",C,RT,,1660,11,156,,,,,,,,,,,,,,,,
,39,AlCoCuFeNiZr,16.66666667,16.66666667,16.66666667,,16.66666667,,,,,,,16.66666667,,16.66666667,,,,,,,,,,,9.59,0.226,7.5,,-23.9,,,,FCC + BCC + Im,Im: ZrFe3Al,Arc melting,As cast,,,,,,,,,,,,6.9,,472,"HV0.2, RT",C,RT,,105,,162,,,,,,,,,,,,,,,,
,40,AlCoCrCuFeNi,16.66666667,16.66666667,16.66666667,,16.66666667,16.66666667,,,,,,,,16.66666667,,,,,,,,,,,,,,,,,,,FCC + BCC,,Arc melting,As cast,,,,,,,,,,,,7.1,,,,C,RT,1303,2081,24,183,,UTS = Fracture,,,,,,,,,,,,,,
,40,AlCoCrCuFeNiMn,14.28571429,14.28571429,14.28571429,,14.28571429,14.28571429,,,,,,,14.28571429,14.28571429,,,,,,,,,,,,,,,,,,,FCC + BCC + Im,Im: Cr-rich phase,Arc melting,As cast,,,,,,,,,,,,7.1,,,,C,RT,1005,1480,15,,,UTS = Fracture,,,,,,,,,,,,,,
,40,AlCoCrCuFeNiTi,14.28571429,14.28571429,14.28571429,,14.28571429,14.28571429,,,14.28571429,,,,,14.28571429,,,,,,,,,,,,,,,,,,,FCC + BCC1 + BCC2,,Arc melting,As cast,,,,,,,,,,,,6.6,,,,C,RT,1234,1356,9,174,,UTS = Fracture,,,,,,,,,,,,,,
,40,AlCoCrCuFeNiV,14.28571429,14.28571429,14.28571429,,14.28571429,14.28571429,,,,,14.28571429,,,14.28571429,,,,,,,,,,,,,,,,,,,FCC + BCC,,Arc melting,As cast,,,,,,,,,,,,6.9,,,,C,RT,1469,1970,16,175,,UTS = Fracture,,,,,,,,,,,,,,
,42,AlCoCrCuNiTi,16.66666667,,16.66666667,,16.66666667,16.66666667,,,16.66666667,,,,,16.66666667,,,,,,,,,,,,,,,,,,,BCC,,Arc melting,As cast,,,,,,,,,,,,6.4,,,,C,,,1495,8,35.5,,,,,,,,,,,,,,,,
,42,AlCoCrCuNiTiY0.5,15.38461538,,15.38461538,,15.38461538,15.38461538,,,15.38461538,,,,,15.38461538,,7.692307692,,,,,,,,,,,,,,,,,Im,,Arc melting,As cast,,,,,,,,,,,,6.1,,,,C,,,1025,3,35.8,,,,,,,,,,,,,,,,
,42,AlCoCrCuNiTiY0.8,14.70588235,,14.70588235,,14.70588235,14.70588235,,,14.70588235,,,,,14.70588235,,11.76470588,,,,,,,,,,,,,,,,,Im,,Arc melting,As cast,,,,,,,,,,,,5.9,,,,C,,,1325,5,37.7,,,,,,,,,,,,,,,,
,42,AlCoCrCuNiTiY,14.28571429,,14.28571429,,14.28571429,14.28571429,,,14.28571429,,,,,14.28571429,,14.28571429,,,,,,,,,,,,,,,,,Im,,Arc melting,As cast,,,,,,,,,,,,5.8,,,,C,,,1192,4,37,,,,,,,,,,,,,,,,
,43,CoCuFeNi,25,25,25,,,,,,,,,,,25,,,,,,,,,,,,,,,,,,,FCC,,Arc melting,As cast,,,,,,,,,,,,8.6,,,,T,RT,,480,15,188,,,,,,,,,,,,,,,,
,43,CoCuFeNiSn0.02,24.87562189,24.87562189,24.87562189,,,,,,,,,,,24.87562189,,,0.4975124378,,,,,,,,,,,,,,,,FCC,,Arc melting,As cast,,,,,,,,,,,,8.6,,,,T,RT,,548,17,187,,,,,,,,,,,,,,,,
,43,CoCuFeNiSn0.04,24.75247525,24.75247525,24.75247525,,,,,,,,,,,24.75247525,,,0.9900990099,,,,,,,,,,,,,,,,FCC,,Arc melting,As cast,,,,,,,,,,,,8.6,,,,T,RT,,594,18,,,,,,,,,,,,,,,,,
,43,CoCuFeNiSn0.05,24.69135802,24.69135802,24.69135802,,,,,,,,,,,24.69135802,,,1.234567901,,,,,,,,,,,,,,,,FCC + Im,Im: Cu81Sn22,Arc melting,As cast,,,,,,,,,,,,8.6,,,,T,RT,,615,20,,,,,,,,,,,,,,,,,
,43,CoCuFeNiSn0.07,24.57002457,24.57002457,24.57002457,,,,,,,,,,,24.57002457,,,1.71990172,,,,,,,,,,,,,,,,FCC + Im,Im: Cu81Sn22,Arc melting,As cast,,,,,,,,,,,,8.6,,,,T,RT,,632,19,,,,,,,,,,,,,,,,,
,43,CoCuFeNiSn0.1,24.3902439,24.3902439,24.3902439,,,,,,,,,,,24.3902439,,,2.43902439,,,,,,,,,,,,,,,,FCC + Im,Im: Cu81Sn22,Arc melting,As cast,,,,,,,,,,,,8.6,,,,T,RT,,602,5,,,,,,,,,,,,,,,,,
,43,CoCuFeNiSn0.2,23.80952381,23.80952381,23.80952381,,,,,,,,,,,23.80952381,,,4.761904762,,,,,,,,,,,,,,,,FCC + Im,Im: Cu81Sn22,Arc melting,As cast,,,,,,,,,,,,8.5,,,,T,RT,,261,2,,,,,,,,,,,,,,,,,
,43,CoCuFeNiSn0.5,22.22222222,22.22222222,22.22222222,,,,,,,,,,,22.22222222,,,11.11111111,,,,,,,,,,,,,,,,FCC + Im,Im: Cu81Sn22,Arc melting,As cast,,,,,,,,,,,,8.3,,,,,,,,,,,,,,,,,,,,,,,,,
,44,CoCuFeMnNi,20,20,20,,,,,,,,,,20,20,,,,,,,,,,,,,,,,,,,FCC,,Arc melting,As cast,,,,,,,,,,,,8.4,,208,"HV0.25, RT",T,RT,,478,14,190,,,,,,,,,,,,,,,,
,44,CoCuFeMnNiSn0.03,19.88071571,19.88071571,19.88071571,,,,,,,,,,19.88071571,19.88071571,,,0.5964214712,,,,,,,,,,,,,,,,FCC,,Arc melting,As cast,,,,,,,,,,,,8.4,,192,"HV0.25, RT",T,RT,,465,18,,,,,,,,,,,,,,,,,
,44,CoCuFeMnNiSn0.05,19.8019802,19.8019802,19.8019802,,,,,,,,,,19.8019802,19.8019802,,,0.9900990099,,,,,,,,,,,,,,,,FCC + Im,Im: Cu5.6Sn,Arc melting,As cast,,,,,,,,,,,,8.4,,205,"HV0.25, RT",T,RT,,475,12,,,,,,,,,,,,,,,,,
,44,CoCuFeMnNiSn0.08,19.68503937,19.68503937,19.68503937,,,,,,,,,,19.68503937,19.68503937,,,1.57480315,,,,,,,,,,,,,,,,FCC + Im,Im: Cu5.6Sn,Arc melting,As cast,,,,,,,,,,,,8.3,,219,"HV0.25, RT",T,RT,,425,7,,,,,,,,,,,,,,,,,
,44,CoCuFeMnNiSn0.10,19.60784314,19.60784314,19.60784314,,,,,,,,,,19.60784314,19.60784314,,,1.960784314,,,,,,,,,,,,,,,,FCC + Im,Im: Cu5.6Sn,Arc melting,As cast,,,,,,,,,,,,8.3,,253,"HV0.25, RT",T,RT,,470,6,,,,,,,,,,,,,,,,,
,44,CoCuFeMnNiSn0.20,19.23076923,19.23076923,19.23076923,,,,,,,,,,19.23076923,19.23076923,,,3.846153846,,,,,,,,,,,,,,,,FCC + Im,Im: Cu5.6Sn,Arc Melting,As cast,,,,,,,,,,,,8.3,,319,"HV0,25, RT",T,RT,,368,2,,,,,,,,,,,,,,,,,
,45,CoCrCuFeNi,20,20,20,,,20,,,,,,,,20,,,,,,,,,,,,,,,,,,,FCC,,Arc Melting,Homogenized,650,4,,,,,,,,,,8.3,,286,,C,RT,230,888,51,56,,,,,,,,,,,,,,,,
,45,AlCrCuFeNi0.6,,21.73913043,13.04347826,,21.73913043,21.73913043,,,,,,,,21.73913043,,,,,,,,,,,,,,,,,,,FCC + BCC + Im,Im: AlFe0.23Ni0.77,Arc Melting,Homogenized,650,4,,,,,,,,,,6.6,,496,"HV5, RT",C,RT,,2054,2.9,176,,taken from the graphic,,,,,,,,,,,,,,
,45,AlCrCuFeNi0.8,,20.83333333,16.66666667,,20.83333333,20.83333333,,,,,,,,20.83333333,,,,,,,,,,,,,,,,,,,FCC + BCC + Im,Im: AlFe0.23Ni0.77,Arc Melting,Homogenized,650,4,,,,,,,,,,6.7,,486,"HV5, RT",C,RT,,2033,"4,6",177,,taken from the graphic,,,,,,,,,,,,,,
,45,AlCrCuFeNi,,20,20,,20,20,,,,,,,,20,,,,,,,,,,,,,,,,,,,FCC + BCC + Im,Im: AlFe0.23Ni0.77,Arc Melting,Homogenized,650,4,,,,,,,,,,6.8,,495,"HV5, RT",C,RT,,1777,"1,9",178,,taken from the graphic,,,,,,,,,,,,,,
,45,AlCrCuFeNi1.2,,19.23076923,23.07692308,,19.23076923,19.23076923,,,,,,,,19.23076923,,,,,,,,,,,,,,,,,,,FCC + BCC + Im,Im: AlFe0.23Ni0.77,Arc Melting,Homogenized,650,4,,,,,,,,,,6.8,,407,"HV5, RT",C,RT,,1277,"1,4",179,,taken from the graphic,,,,,,,,,,,,,,
,45,AlCrCuFeNi1.4,,18.51851852,25.92592593,,18.51851852,18.51851852,,,,,,,,18.51851852,,,,,,,,,,,,,,,,,,,FCC + BCC + Im,Im: AlFe0.23Ni0.77,Arc Melting,Homogenized,650,4,,,,,,,,,,6.9,,367,"HV5, RT",C,RT,,1685,"2,2",180,,taken from the graphic,-,,,,,,,,,,,,,
,46,AlCrCuFeNi2,,16.66666667,33.33333333,,16.66666667,16.66666667,,,,,,,,16.66666667,,,,,,,,,,,,,,,,,,,FCC + BCC,,Arc Melting,As cast,,,,,,,,,,,,7.1,,,,,,,,,182,,,,,,,,,,,,,,,,
,46,Al0.2CrCuFeNi2,,19.23076923,38.46153846,,3.846153846,19.23076923,,,,,,,,19.23076923,,,,,,,,,,,,,,,,,,,FCC,,Arc Melting,As cast,,,,,,,,,,,,8.0,,,,,,,,,199,,,,,,,,,,,,,,,,
,46,Al0.4CrCuFeNi2,,18.51851852,37.03703704,,7.407407407,18.51851852,,,,,,,,18.51851852,,,,,,,,,,,,,,,,,,,FCC,,Arc Melting,As cast,,,,,,,,,,,,7.8,,,,,,,,,194,,,,,,,,,,,,,,,,
,46,Al0.6CrCuFeNi2,,17.85714286,35.71428571,,10.71428571,17.85714286,,,,,,,,17.85714286,,,,,,,,,,,,,,,,,,,FCC,,Arc Melting,As cast,,,,,,,,,,,,7.5,,,,,,,,,190,,,,,,,,,,,,,,,,
,46,Al0.8CrCuFeNi2,,17.24137931,34.48275862,,13.79310345,17.24137931,,,,,,,,17.24137931,,,,,,,,,,,,,,,,,,,FCC,,Arc Melting,As cast,,,,,,,,,,,,7.3,,,,,,,,,186,,,,,,,,,,,,,,,,
,46,Al1.2CrCuFeNi2,,16.12903226,32.25806452,,19.35483871,16.12903226,,,,,,,,16.12903226,,,,,,,,,,,,,,,,,,,FCC + BCC,,Arc Melting,As cast,,,,,,,,,,,,6.9,,,,,,,,,178,,,,,,,,,,,,,,,,
,47,AlCrCuFeNiTi,,16.66666667,16.66666667,,16.66666667,16.66666667,,,16.66666667,,,,,16.66666667,,,,,,,,,,,,,,,,,,,BCC + Im,,Arc Melting,As cast,,,,,,,,,,,,6.3,,,,C,RT,,1219,1.6,,,UTS from the plot,,,,,,,,,,,,,,
,47,AlCrCuFeNiTi,,16.66666667,16.66666667,,16.66666667,16.66666667,,,16.66666667,,,,,16.66666667,,,,,,,,,,,,,,,,,,,BCC + Im,,Arc Melting,Homogenized,950,4,,,,,,,,,,6.3,,591,RT,,,,,,,,,,,,,,,,,,,,,,
,48,Al22.5Cu20Fe15Ni20Ti22.5,,15,20,,22.5,,,,22.5,,,,,20,,,,,,,,,,,7.15,,,1,-19.8,13.3,1536,,FCC1 + FCC2,,Arc Melting,As cast,,,,,,,,,,,,5.9,,516,"HV0.1, RT",C,RT,980,1326,6.6,145,,,,,,,,,,,,,,,,
,48,Al22.5Cu20Fe15Ni20Ti22.5,,15,20,,22.5,,,,22.5,,,,,20,,,,,,,,,,,7.15,,,1,-19.8,13.3,1536,,FCC1 + FCC2,,Arc Melting,As cast,,,,,Annealing,500,0.5,,,,,5.9,,434,"HV0.1, RT",C,RT,1065,1210,1.8,145,,,,,,,,,,,,,,,,
,48,Al22.5Cu20Fe15Ni20Ti22.5,,15,20,,22.5,,,,22.5,,,,,20,,,,,,,,,,,7.15,,,1,-19.8,13.3,1536,,FCC1 + FCC2,,Arc Melting,As cast,,,,,Annealing,700,0.5,,,,,5.9,,575,"HV0.1, RT",C,RT,989,1490,8.5,145,,,,,,,,,,,,,,,,
,48,Al22.5Cu20Fe15Ni20Ti22.5,,15,20,,22.5,,,,22.5,,,,,20,,,,,,,,,,,7.15,,,1,-19.8,13.3,1536,,FCC1 + FCC2,,Arc Melting,As cast,,,,,Annealing,900,0.5,,,,,5.9,,370,"HV0.1, RT",C,RT,737,1335,8.8,145,,,,,,,,,,,,,,,,
,48,Al20Cu20Fe20Ni20Ti20,,20,20,,20,,,,20,,,,,20,,,,,,,,,,,7,,,1.18,-17.6,13.37,1554,,FCC1 + FCC2,,Arc Melting,As cast,,,,,,,,,,,,6.1,,516,"HV0.1, RT",C,RT,1074,1617,8.2,146,,,,,,,,,,,,,,,,
,48,Al20Cu20Fe20Ni20Ti20,,20,20,,20,,,,20,,,,,20,,,,,,,,,,,7,,,1.18,-17.6,13.37,1554,,FCC1 + FCC2,,Arc Melting,As cast,,,,,Annealing,500,0.5,,,,,6.1,,365,"HV0.1, RT",C,RT,1158,1670,5.8,146,,,,,,,,,,,,,,,,
,48,Al20Cu20Fe20Ni20Ti20,,20,20,,20,,,,20,,,,,20,,,,,,,,,,,7,,,1.18,-17.6,13.37,1554,,FCC1 + FCC2,,Arc Melting,As cast,,,,,Annealing,700,0.5,,,,,6.1,,544,"HV0.1, RT",C,RT,836,1569,13.5,146,,,,,,,,,,,,,,,,
,48,Al20Cu20Fe20Ni20Ti20,,20,20,,20,,,,20,,,,,20,,,,,,,,,,,7,,,1.18,-17.6,13.37,1554,,FCC1 + FCC2,,Arc Melting,As cast,,,,,Annealing,900,0.5,,,,,6.1,,449,"HV0.1, RT",C,RT,697,1247,4.3,146,,,,,,,,,,,,,,,,
,48,Al25Cu25Ni25Ti25,,,25,,25,,,,25,,,,,25,,,,,,,,,,,7.16,,,0.92,-23.25,14.4,1490,,FCC,,Arc Melting,As cast,,,,,,,,,,,,5.7,,537,"HV0.1, RT",C,RT,300,536,0.85,108,,,,,,,,,,,,,,,,
,48,Al25Cu25Ni25Ti25,,,25,,25,,,,25,,,,,25,,,,,,,,,,,7.16,,,0.92,-23.25,14.4,1490,,FCC,,Arc Melting,As cast,,,,,Annealing,500,0.5,,,,,5.7,,521,"HV0.1, RT",C,RT,284,498,0.67,108,,,,,,,,,,,,,,,,
,48,Al25Cu25Ni25Ti25,,,25,,25,,,,25,,,,,25,,,,,,,,,,,7.16,,,0.92,-23.25,14.4,1490,,FCC,,Arc Melting,As cast,,,,,Annealing,700,0.5,,,,,5.7,,518,"HV0.1, RT",C,RT,760,870,0.96,108,,,,,,,,,,,,,,,,
,48,Al25Cu25Ni25Ti25,,,25,,25,,,,25,,,,,25,,,,,,,,,,,7.16,,,0.92,-23.25,14.4,1490,,FCC,,Arc Melting,As cast,,,,,Annealing,900,0.5,,,,,5.7,,416,"HV0.1, RT",C,RT,1103,1263,1.2,108,,,,,,,,,,,,,,,,